{
  "users": [
    {
      "name": "chinmay",
      "userName": "chinmayphade@gmail.com",
      "password": "chinmay",
      "id": 2
    },
    {
      "name": "chinmay",
      "userName": "chinmay@gmail.com",
      "password": "chinmayph",
      "id": 3
    },
    {
      "name": "chinmay",
      "userName": "chinmay@gmail.com",
      "password": "chinmayph",
      "id": 4
    },
    {
      "name": "ch",
      "userName": "chinmayphade@gmail.com",
      "password": "chinmay",
      "id": 5
    },
    {
      "name": "chinmay",
      "userName": "chinmayphade@gmail.com",
      "password": "chinmay",
      "id": 6
    },
    {
      "name": "chinmay",
      "userName": "chinmayphade@gmail.com",
      "password": "chinmay",
      "id": 7
    },
    {
      "name": "chinmay",
      "userName": "chinmayphade@gmail.com",
      "password": "chinmay",
      "id": 8
    },
    {
      "name": "chinmay",
      "userName": "chinmayphade@gmail.com",
      "password": "chinmay",
      "id": 9
    },
    {
      "name": "deep",
      "userName": "deep@gmail.com",
      "password": "deep",
      "id": 10
    },
    {
      "name": "dee",
      "userName": "dee@sad",
      "password": "chinmay",
      "id": 11
    },
    {
      "name": "deepkumar",
      "userName": "deepkumar@cybage",
      "password": "qwerty",
      "id": 12
    }
  ],
  "blogs": [
    {
      "userid": 1,
      "category": "travel",
      "title": "Deep",
      "imgpath": "../BackEnd/images/download.jpg",
      "text": "Blog2",
      "timestamp": "2021-09-12T16:28:09.458Z",
      "likes": 55,
      "comments": [
        {
          "userid": "2",
          "text": "sdcsdvd"
        },
        {
          "userid": "2",
          "text": "sdvsdvsdvsd"
        }
      ],
      "flag": true,
      "id": 1
    },
    {
      "userid": 2,
      "category": "food",
      "title": "Chinmay",
      "imgpath": "../BackEnd/images/download.jpg",
      "text": "Blog2",
      "timestamp": "2021-09-12T16:28:33.755Z",
      "likes": 51,
      "comments": [
        {
          "userid": "2",
          "text": "chinmay"
        }
      ],
      "flag": true,
      "id": 2
    },
    {
      "userid": 3,
      "category": "music",
      "title": "Anurag",
      "imgpath": "../BackEnd/images/none",
      "text": "Blog3",
      "timestamp": "2021-09-12T16:29:17.955Z",
      "likes": 50,
      "comments": [],
      "flag": false,
      "id": 3
    },
    {
      "userid": 4,
      "category": "gaming",
      "title": "Chetan",
      "imgpath": "../BackEnd/images/none",
      "text": "Blog4",
      "timestamp": "2021-09-12T16:30:08.691Z",
      "likes": 51,
      "comments": [],
      "flag": false,
      "id": 4
    },
    {
      "userid": 4,
      "category": "cars",
      "title": "Chandrashekhar",
      "imgpath": "../BackEnd/images/cars.jpeg",
      "text": "Blog5",
      "timestamp": "2021-09-12T16:30:53.825Z",
      "likes": 56,
      "comments": [],
      "flag": true,
      "id": 5
    },
    {
      "userid": 2,
      "category": "fashion",
      "title": "Asawari",
      "imgpath": "../BackEnd/images/none",
      "text": "Lorem&nbsp;ipsum&nbsp;dolor&nbsp;sit&nbsp;amet&nbsp;consectetur&nbsp;adipisicing&nbsp;elit.&nbsp;Possimus&nbsp;laboriosam&nbsp;necessitatibus&nbsp;numquam&nbsp;illum.&nbsp;Tempora&nbsp;quisquam,&nbsp;modi&nbsp;doloremque&nbsp;eum&nbsp;ipsam&nbsp;praesentium.&nbsp;Voluptatibus&nbsp;non&nbsp;commodi&nbsp;necessitatibus&nbsp;placeat&nbsp;mollitia&nbsp;distinctio&nbsp;numquam&nbsp;sed&nbsp;pariatur&nbsp;libero&nbsp;praesentium,&nbsp;doloribus&nbsp;nisi&nbsp;dolorum&nbsp;vel?&nbsp;Ratione&nbsp;ipsam&nbsp;molestiae&nbsp;doloribus&nbsp;mollitia&nbsp;eligendi&nbsp;consequuntur&nbsp;unde&nbsp;necessitatibus&nbsp;doloremque.&nbsp;Aliquid&nbsp;nemo&nbsp;quae&nbsp;magni&nbsp;repudiandae&nbsp;assumenda&nbsp;est&nbsp;necessitatibus,&nbsp;tempora&nbsp;quis&nbsp;distinctio&nbsp;id&nbsp;vel&nbsp;porro.",
      "timestamp": "2021-09-12T16:32:00.121Z",
      "likes": 52,
      "comments": [],
      "flag": false,
      "id": 6
    }
  ]
}