{
  "users": [
    {
      "name": "deepkumar",
      "userName": "deepkumar@gmail.com",
      "password": "Deepkumar@1997",
      "id": 1
    },
    {
      "name": "akshay",
      "userName": "akshay@gmail.com",
      "password": "Akshay@1996",
      "id": 2
    },
    {
      "name": "deep",
      "userName": "deep@gmail.com",
      "password": "Deepkumar@1997",
      "id": 3
    },
    {
      "name": "Deepkumar",
      "userName": "deep@cybage.com",
      "password": "Deepkumar@1997",
      "id": 4
    },
    {
      "name": "Asawari",
      "userName": "asawari@gmail.com",
      "password": "Asawari@1997",
      "id": 5
    },
    {
      "name": "chinmay",
      "userName": "chi@gmail.com",
      "password": "chinmay@1",
      "id": 6
    },
    {
      "name": "chinmay",
      "userName": "ch@gmail.com",
      "password": "chinmay@1",
      "id": 7
    },
    {
      "name": "Bruce Wayne",
      "userName": "bruce@brucewayne.com",
      "password": "asdasd123@",
      "id": 8
    },
    {
      "name": "Barry Allen",
      "userName": "theflash@speedforce.com",
      "password": "qwe123@",
      "id": 9
    }
  ],
  "blogs": [
    {
      "userid": "1",
      "category": "travel",
      "title": "Deep",
      "imgpath": "../../BackEnd/images/cars.jpeg",
      "text": "Blog1",
      "timestamp": "2021-09-14T11:31:55.087Z",
      "likes": 6,
      "comments": [
        {
          "userid": "2",
          "text": "noice blog!!!"
        },
        {
          "userid": "3",
          "text": "Noice blog!!!"
        },
        {
          "userid": "4",
          "text": "Nice blog!!!!!"
        },
        {
          "userid": "5",
          "text": "Nice Blog!!!!!"
        },
        {
          "userid": "1",
          "text": "Nice one!"
        },
        {
          "userid": "1",
          "text": "Nice one buddy!"
        },
        {
          "userid": "4",
          "text": "aaa"
        },
        {
          "userid": "4",
          "text": "Nicey"
        },
        {
          "userid": "9",
          "text": "Nice"
        },
        {
          "userid": "9",
          "text": "Nice"
        },
        {
          "userid": "1",
          "text": "Good one!"
        },
        {
          "userid": "1",
          "text": "Hello"
        }
      ],
      "flag": true,
      "id": 1,
      "likeStatus": [
        {
          "userId": "1"
        },
        {
          "userId": "2"
        },
        {
          "userId": "3"
        },
        {
          "userId": "4"
        },
        {
          "userId": "5"
        },
        {
          "userId": "9"
        }
      ]
    },
    {
      "userid": "1",
      "category": "food",
      "title": "Chinmay",
      "imgpath": "../../BackEnd/images/download.jpg",
      "text": "Blog2",
      "timestamp": "2021-09-14T11:32:23.401Z",
      "likes": 1,
      "comments": [],
      "flag": true,
      "id": 2,
      "likeStatus": [
        {
          "userId": "9"
        }
      ]
    },
    {
      "userid": "1",
      "category": "music",
      "title": "Anurag",
      "imgpath": "../../BackEnd/images/image2.png",
      "text": "Blog3",
      "timestamp": "2021-09-14T11:33:06.479Z",
      "likes": 1,
      "comments": [],
      "flag": true,
      "id": 3,
      "likeStatus": [
        {
          "userId": "5"
        }
      ]
    },
    {
      "userid": "1",
      "category": "gaming",
      "title": "Chandrashekhar",
      "imgpath": "../../BackEnd/images/download.jpg",
      "text": "Blog4",
      "timestamp": "2021-09-14T11:33:35.392Z",
      "likes": 1,
      "comments": [],
      "flag": true,
      "id": 4,
      "likeStatus": [
        {
          "userId": "9"
        }
      ]
    },
    {
      "userid": "1",
      "category": "cars",
      "title": "Asawari",
      "imgpath": "../../BackEnd/images/download.jpg",
      "text": "Blog5",
      "timestamp": "2021-09-14T11:34:19.424Z",
      "likes": 0,
      "comments": [],
      "flag": true,
      "likeStatus": [],
      "id": 5
    },
    {
      "userid": "1",
      "category": "fashion",
      "title": "Chetan",
      "imgpath": "../../BackEnd/images/image2.png",
      "text": "Blog6",
      "timestamp": "2021-09-14T11:34:33.680Z",
      "likes": 0,
      "comments": [],
      "flag": false,
      "likeStatus": [],
      "id": 6
    },
    {
      "userid": "1",
      "category": "travel",
      "title": "Ankit",
      "imgpath": "../../BackEnd/images/cars.jpeg",
      "text": "Display It!!!!!!!!!!!!",
      "timestamp": "2021-09-14T12:26:56.065Z",
      "likes": 1,
      "comments": [],
      "flag": true,
      "id": 7,
      "likeStatus": [
        {
          "userId": "1"
        }
      ]
    },
    {
      "userid": "2",
      "category": "food",
      "title": "Akshay",
      "imgpath": "../../BackEnd/images/download.jpg",
      "text": "Blog7",
      "timestamp": "2021-09-14T13:17:37.057Z",
      "likes": 0,
      "comments": [],
      "flag": true,
      "likeStatus": [],
      "id": 8
    },
    {
      "userid": "1",
      "category": "cars",
      "title": "Cars",
      "imgpath": "../../BackEnd/images/OIP.jfif",
      "text": "Bugati!!!!!",
      "timestamp": "2021-09-14T17:29:36.769Z",
      "likes": 0,
      "comments": [],
      "flag": true,
      "likeStatus": [],
      "id": 9
    },
    {
      "userid": "1",
      "category": "travel",
      "title": "New Blog",
      "imgpath": "../../BackEnd/images/travel.jfif",
      "text": "Travelling Around the world!!!!!",
      "timestamp": "2021-09-15T04:44:46.729Z",
      "likes": 0,
      "comments": [],
      "flag": true,
      "likeStatus": [],
      "id": 10
    },
    {
      "userid": "4",
      "category": "cars",
      "title": "New Car!!!",
      "imgpath": "../../BackEnd/images/cars.jpeg",
      "text": "New Car blog is added!!!!!",
      "timestamp": "2021-09-15T05:54:28.042Z",
      "likes": 0,
      "comments": [],
      "flag": true,
      "likeStatus": [],
      "id": 11
    },
    {
      "userid": "5",
      "category": "cars",
      "title": "New Blog 2!!!!!!!",
      "imgpath": "../../BackEnd/images/cars.jpeg",
      "text": "Writing a new blog!!!!!",
      "timestamp": "2021-09-15T08:35:44.518Z",
      "likes": 0,
      "comments": [],
      "flag": true,
      "likeStatus": [],
      "id": 12
    },
    {
      "userid": "9",
      "category": "gaming",
      "title": "Speed",
      "imgpath": "../../BackEnd/images/cars.jpeg",
      "text": "s = d / t",
      "timestamp": "2021-09-19T12:02:52.285Z",
      "likes": 0,
      "comments": [],
      "flag": true,
      "likeStatus": [],
      "id": 13
    },
    {
      "userid": "9",
      "category": "travel",
      "title": "asdasd",
      "imgpath": "../../BackEnd/images/travel.jfif",
      "text": "asdasdasda",
      "timestamp": "2021-09-19T13:04:42.508Z",
      "likes": 0,
      "comments": [],
      "flag": true,
      "likeStatus": [],
      "id": 14
    },
    {
      "userid": "9",
      "category": "travel",
      "title": "asdads",
      "imgpath": "../../BackEnd/images/image2.png",
      "text": "asdsadasd",
      "timestamp": "2021-09-19T13:05:08.483Z",
      "likes": 0,
      "comments": [],
      "flag": false,
      "likeStatus": [],
      "id": 15
    },
    {
      "userid": "9",
      "category": "travel",
      "title": "dsdsdsds",
      "imgpath": "../../BackEnd/images/image2.png",
      "text": "adasdasda",
      "timestamp": "2021-09-19T13:05:29.804Z",
      "likes": 0,
      "comments": [],
      "flag": false,
      "likeStatus": [],
      "id": 16
    },
    {
      "userid": "9",
      "category": "travel",
      "title": "sdsdsdsdsaaaaaa",
      "imgpath": "../../BackEnd/images/image2.png",
      "text": "asdsdsdasdsadsadasda",
      "timestamp": "2021-09-19T13:07:36.067Z",
      "likes": 0,
      "comments": [],
      "flag": false,
      "likeStatus": [],
      "id": 17
    },
    {
      "userid": "9",
      "category": "travel",
      "title": "sdsdsssssssaaaaaaa",
      "imgpath": "../../BackEnd/images/image2.png",
      "text": "asdasdssadasdasdsadasdsadas",
      "timestamp": "2021-09-19T13:08:32.811Z",
      "likes": 0,
      "comments": [],
      "flag": false,
      "likeStatus": [],
      "id": 18
    },
    {
      "userid": "9",
      "category": "travel",
      "title": "sdsdd",
      "imgpath": "../../BackEnd/images/image2.png",
      "text": "sdsdsdsdsdsds",
      "timestamp": "2021-09-19T13:08:58.554Z",
      "likes": 0,
      "comments": [],
      "flag": false,
      "likeStatus": [],
      "id": 19
    },
    {
      "userid": "9",
      "category": "travel",
      "title": "dsdsdsdsds",
      "imgpath": "../../BackEnd/images/image2.png",
      "text": "sdsdsdsdsds",
      "timestamp": "2021-09-19T13:10:39.715Z",
      "likes": 0,
      "comments": [],
      "flag": false,
      "likeStatus": [],
      "id": 20
    },
    {
      "userid": "9",
      "category": "travel",
      "title": "sdsdsdsdddd",
      "imgpath": "../../BackEnd/images/image2.png",
      "text": "dsdsdsd",
      "timestamp": "2021-09-19T13:12:18.804Z",
      "likes": 0,
      "comments": [],
      "flag": false,
      "likeStatus": [],
      "id": 21
    },
    {
      "userid": "9",
      "category": "travel",
      "title": "ddd",
      "imgpath": "../../BackEnd/images/image2.png",
      "text": "ddd",
      "timestamp": "2021-09-19T13:12:29.267Z",
      "likes": 0,
      "comments": [],
      "flag": false,
      "likeStatus": [],
      "id": 22
    },
    {
      "userid": "1",
      "category": "travel",
      "title": "New Blog1",
      "imgpath": "../../BackEnd/images/cars.jpeg",
      "text": "New",
      "timestamp": "2021-09-19T18:00:47.217Z",
      "likes": 0,
      "comments": [],
      "likeStatus": [],
      "id": 23
    },
    {
      "userid": "1",
      "category": "music",
      "title": "Without Image",
      "imgpath": "../../BackEnd/images/image2.png",
      "text": "My blog",
      "timestamp": "2021-09-19T18:01:24.605Z",
      "likes": 0,
      "comments": [],
      "likeStatus": [],
      "id": 24
    }
  ]
}